Feature,Count,Missing percentage,Cardinality,Minimum,1st quart,Mean,Median,3rd quart,Max,Standard Deviation
case_positive_specimen_interval,9938,47.32043466737345,48,-56.0,0.0,0.16613000603743208,0.0,0.0,114.0,2.6531147257168195
case_onset_interval,8347,55.75404187649086,43,-69.0,0.0,-0.06780879357853122,0.0,0.0,51.0,1.8721930094437453
